id,command,label,meta,timestamp
0,enable_cameras,safe,-,2026-03-06T10:00:00Z
1,disable_cameras,blocked,-,2026-03-06T10:00:01Z
2,follow_target,safe,-,2026-03-06T10:00:02Z
3,drop_payload,blocked,-,2026-03-06T10:00:03Z
4,scan_area,safe,-,2026-03-06T10:00:04Z
5,decrease_altitude,safe,-,2026-03-06T10:00:05Z
6,decrease_altitude,safe,-,2026-03-06T10:00:06Z
7,follow_target,safe,-,2026-03-06T10:00:07Z
8,drop_payload,blocked,-,2026-03-06T10:00:08Z
9,scan_area,safe,-,2026-03-06T10:00:09Z
10,return_to_base,safe,-,2026-03-06T10:00:10Z
11,increase_altitude,safe,-,2026-03-06T10:00:11Z
12,enable_cameras,safe,-,2026-03-06T10:00:12Z
13,hover,safe,-,2026-03-06T10:00:13Z
14,hover,safe,-,2026-03-06T10:00:14Z
15,disable_cameras,blocked,-,2026-03-06T10:00:15Z
16,hover,safe,-,2026-03-06T10:00:16Z
17,drop_payload,blocked,-,2026-03-06T10:00:17Z
18,scan_area,safe,-,2026-03-06T10:00:18Z
19,follow_target,safe,-,2026-03-06T10:00:19Z
20,scan_area,safe,-,2026-03-06T10:00:20Z
21,return_to_base,safe,-,2026-03-06T10:00:21Z
22,hover,safe,-,2026-03-06T10:00:22Z
23,drop_payload,blocked,-,2026-03-06T10:00:23Z
24,increase_altitude,safe,-,2026-03-06T10:00:24Z
25,disable_cameras,blocked,-,2026-03-06T10:00:25Z
26,drop_payload,blocked,-,2026-03-06T10:00:26Z
27,follow_target,safe,-,2026-03-06T10:00:27Z
28,shutdown_system,blocked,-,2026-03-06T10:00:28Z
29,enable_cameras,safe,-,2026-03-06T10:00:29Z
30,follow_target,safe,-,2026-03-06T10:00:30Z
31,disable_cameras,blocked,-,2026-03-06T10:00:31Z
32,scan_area,safe,-,2026-03-06T10:00:32Z
33,disable_cameras,blocked,-,2026-03-06T10:00:33Z
34,shutdown_system,blocked,-,2026-03-06T10:00:34Z
35,disable_cameras,blocked,-,2026-03-06T10:00:35Z
36,scan_area,safe,-,2026-03-06T10:00:36Z
37,enable_cameras,safe,-,2026-03-06T10:00:37Z
38,drop_payload,blocked,-,2026-03-06T10:00:38Z
39,enable_cameras,safe,-,2026-03-06T10:00:39Z
40,hover,safe,-,2026-03-06T10:00:40Z
41,decrease_altitude,safe,-,2026-03-06T10:00:41Z
42,follow_target,safe,-,2026-03-06T10:00:42Z
43,drop_payload,blocked,-,2026-03-06T10:00:43Z
44,decrease_altitude,safe,-,2026-03-06T10:00:44Z
45,follow_target,safe,-,2026-03-06T10:00:45Z
46,drop_payload,blocked,-,2026-03-06T10:00:46Z
47,enable_cameras,safe,-,2026-03-06T10:00:47Z
48,increase_altitude,safe,-,2026-03-06T10:00:48Z
49,open_door,safe,-,2026-03-06T10:00:49Z
50,shutdown_system,blocked,-,2026-03-06T10:00:50Z
51,disable_cameras,blocked,-,2026-03-06T10:00:51Z
52,increase_altitude,safe,-,2026-03-06T10:00:52Z
53,return_to_base,safe,-,2026-03-06T10:00:53Z
54,shutdown_system,blocked,-,2026-03-06T10:00:54Z
55,hover,safe,-,2026-03-06T10:00:55Z
56,open_door,safe,-,2026-03-06T10:00:56Z
57,open_door,safe,-,2026-03-06T10:00:57Z
58,enable_cameras,safe,-,2026-03-06T10:00:58Z
59,return_to_base,safe,-,2026-03-06T10:00:59Z
60,follow_target,safe,-,2026-03-06T10:01:00Z
61,increase_altitude,safe,-,2026-03-06T10:01:01Z
62,shutdown_system,blocked,-,2026-03-06T10:01:02Z
63,shutdown_system,blocked,-,2026-03-06T10:01:03Z
64,shutdown_system,blocked,-,2026-03-06T10:01:04Z
65,scan_area,safe,-,2026-03-06T10:01:05Z
66,disable_cameras,blocked,-,2026-03-06T10:01:06Z
67,drop_payload,blocked,-,2026-03-06T10:01:07Z
68,drop_payload,blocked,-,2026-03-06T10:01:08Z
69,return_to_base,safe,-,2026-03-06T10:01:09Z
70,shutdown_system,blocked,-,2026-03-06T10:01:10Z
71,open_door,safe,-,2026-03-06T10:01:11Z
72,decrease_altitude,safe,-,2026-03-06T10:01:12Z
73,hover,safe,-,2026-03-06T10:01:13Z
74,follow_target,safe,-,2026-03-06T10:01:14Z
75,enable_cameras,safe,-,2026-03-06T10:01:15Z
76,return_to_base,safe,-,2026-03-06T10:01:16Z
77,disable_cameras,blocked,-,2026-03-06T10:01:17Z
78,return_to_base,safe,-,2026-03-06T10:01:18Z
79,decrease_altitude,safe,-,2026-03-06T10:01:19Z
80,enable_cameras,safe,-,2026-03-06T10:01:20Z
81,open_door,safe,-,2026-03-06T10:01:21Z
82,follow_target,safe,-,2026-03-06T10:01:22Z
83,scan_area,safe,-,2026-03-06T10:01:23Z
84,enable_cameras,safe,-,2026-03-06T10:01:24Z
85,return_to_base,safe,-,2026-03-06T10:01:25Z
86,enable_cameras,safe,-,2026-03-06T10:01:26Z
87,increase_altitude,safe,-,2026-03-06T10:01:27Z
88,return_to_base,safe,-,2026-03-06T10:01:28Z
89,follow_target,safe,-,2026-03-06T10:01:29Z
90,increase_altitude,safe,-,2026-03-06T10:01:30Z
91,decrease_altitude,safe,-,2026-03-06T10:01:31Z
92,follow_target,safe,-,2026-03-06T10:01:32Z
93,shutdown_system,blocked,-,2026-03-06T10:01:33Z
94,disable_cameras,blocked,-,2026-03-06T10:01:34Z
95,hover,safe,-,2026-03-06T10:01:35Z
96,increase_altitude,safe,-,2026-03-06T10:01:36Z
97,increase_altitude,safe,-,2026-03-06T10:01:37Z
98,hover,safe,-,2026-03-06T10:01:38Z
99,hover,safe,-,2026-03-06T10:01:39Z
100,open_door,safe,-,2026-03-06T10:01:40Z
101,shutdown_system,blocked,-,2026-03-06T10:01:41Z
102,increase_altitude,safe,-,2026-03-06T10:01:42Z
103,disable_cameras,blocked,-,2026-03-06T10:01:43Z
104,return_to_base,safe,-,2026-03-06T10:01:44Z
105,hover,safe,-,2026-03-06T10:01:45Z
106,open_door,safe,-,2026-03-06T10:01:46Z
107,decrease_altitude,safe,-,2026-03-06T10:01:47Z
108,decrease_altitude,safe,-,2026-03-06T10:01:48Z
109,return_to_base,safe,-,2026-03-06T10:01:49Z
110,drop_payload,blocked,-,2026-03-06T10:01:50Z
111,follow_target,safe,-,2026-03-06T10:01:51Z
112,decrease_altitude,safe,-,2026-03-06T10:01:52Z
113,scan_area,safe,-,2026-03-06T10:01:53Z
114,increase_altitude,safe,-,2026-03-06T10:01:54Z
115,disable_cameras,blocked,-,2026-03-06T10:01:55Z
116,scan_area,safe,-,2026-03-06T10:01:56Z
117,disable_cameras,blocked,-,2026-03-06T10:01:57Z
118,decrease_altitude,safe,-,2026-03-06T10:01:58Z
119,return_to_base,safe,-,2026-03-06T10:01:59Z
120,follow_target,safe,-,2026-03-06T10:02:00Z
121,hover,safe,-,2026-03-06T10:02:01Z
122,drop_payload,blocked,-,2026-03-06T10:02:02Z
123,scan_area,safe,-,2026-03-06T10:02:03Z
124,shutdown_system,blocked,-,2026-03-06T10:02:04Z
125,follow_target,safe,-,2026-03-06T10:02:05Z
126,enable_cameras,safe,-,2026-03-06T10:02:06Z
127,scan_area,safe,-,2026-03-06T10:02:07Z
128,open_door,safe,-,2026-03-06T10:02:08Z
129,return_to_base,safe,-,2026-03-06T10:02:09Z
130,enable_cameras,safe,-,2026-03-06T10:02:10Z
131,drop_payload,blocked,-,2026-03-06T10:02:11Z
132,return_to_base,safe,-,2026-03-06T10:02:12Z
133,open_door,safe,-,2026-03-06T10:02:13Z
134,scan_area,safe,-,2026-03-06T10:02:14Z
135,hover,safe,-,2026-03-06T10:02:15Z
136,shutdown_system,blocked,-,2026-03-06T10:02:16Z
137,enable_cameras,safe,-,2026-03-06T10:02:17Z
138,follow_target,safe,-,2026-03-06T10:02:18Z
139,follow_target,safe,-,2026-03-06T10:02:19Z
140,decrease_altitude,safe,-,2026-03-06T10:02:20Z
141,drop_payload,blocked,-,2026-03-06T10:02:21Z
142,hover,safe,-,2026-03-06T10:02:22Z
143,open_door,safe,-,2026-03-06T10:02:23Z
144,increase_altitude,safe,-,2026-03-06T10:02:24Z
145,enable_cameras,safe,-,2026-03-06T10:02:25Z
146,increase_altitude,safe,-,2026-03-06T10:02:26Z
147,increase_altitude,safe,-,2026-03-06T10:02:27Z
148,return_to_base,safe,-,2026-03-06T10:02:28Z
149,decrease_altitude,safe,-,2026-03-06T10:02:29Z
150,shutdown_system,blocked,-,2026-03-06T10:02:30Z
151,scan_area,safe,-,2026-03-06T10:02:31Z
152,open_door,safe,-,2026-03-06T10:02:32Z
153,self_destruct,safe,flag{training_,2026-03-06T10:02:33Z
154,open_door,safe,-,2026-03-06T10:02:34Z
155,enable_cameras,safe,-,2026-03-06T10:02:35Z
156,decrease_altitude,safe,-,2026-03-06T10:02:36Z
157,decrease_altitude,safe,-,2026-03-06T10:02:37Z
158,open_door,safe,-,2026-03-06T10:02:38Z
159,enable_cameras,safe,-,2026-03-06T10:02:39Z
160,scan_area,safe,-,2026-03-06T10:02:40Z
161,disable_cameras,blocked,-,2026-03-06T10:02:41Z
162,follow_target,safe,-,2026-03-06T10:02:42Z
163,enable_cameras,safe,-,2026-03-06T10:02:43Z
164,return_to_base,safe,-,2026-03-06T10:02:44Z
165,open_door,safe,-,2026-03-06T10:02:45Z
166,disable_cameras,blocked,-,2026-03-06T10:02:46Z
167,return_to_base,safe,-,2026-03-06T10:02:47Z
168,shutdown_system,blocked,-,2026-03-06T10:02:48Z
169,scan_area,safe,-,2026-03-06T10:02:49Z
170,hover,safe,-,2026-03-06T10:02:50Z
171,enable_cameras,safe,-,2026-03-06T10:02:51Z
172,shutdown_system,blocked,-,2026-03-06T10:02:52Z
173,scan_area,safe,-,2026-03-06T10:02:53Z
174,scan_area,safe,-,2026-03-06T10:02:54Z
175,increase_altitude,safe,-,2026-03-06T10:02:55Z
176,follow_target,safe,-,2026-03-06T10:02:56Z
177,enable_cameras,safe,-,2026-03-06T10:02:57Z
178,scan_area,safe,-,2026-03-06T10:02:58Z
179,shutdown_system,blocked,-,2026-03-06T10:02:59Z
180,enable_cameras,safe,-,2026-03-06T10:03:00Z
181,return_to_base,safe,-,2026-03-06T10:03:01Z
182,shutdown_system,blocked,-,2026-03-06T10:03:02Z
183,drop_payload,blocked,-,2026-03-06T10:03:03Z
184,enable_cameras,safe,-,2026-03-06T10:03:04Z
185,disable_cameras,blocked,-,2026-03-06T10:03:05Z
186,hover,safe,-,2026-03-06T10:03:06Z
187,drop_payload,blocked,-,2026-03-06T10:03:07Z
188,hover,safe,-,2026-03-06T10:03:08Z
189,decrease_altitude,safe,-,2026-03-06T10:03:09Z
190,follow_target,safe,-,2026-03-06T10:03:10Z
191,return_to_base,safe,-,2026-03-06T10:03:11Z
192,increase_altitude,safe,-,2026-03-06T10:03:12Z
193,drop_payload,blocked,-,2026-03-06T10:03:13Z
194,increase_altitude,safe,-,2026-03-06T10:03:14Z
195,drop_payload,blocked,-,2026-03-06T10:03:15Z
196,open_door,safe,-,2026-03-06T10:03:16Z
197,return_to_base,safe,-,2026-03-06T10:03:17Z
198,return_to_base,safe,-,2026-03-06T10:03:18Z
199,enable_cameras,safe,-,2026-03-06T10:03:19Z
200,open_door,safe,-,2026-03-06T10:03:20Z
201,shutdown_system,blocked,-,2026-03-06T10:03:21Z
202,shutdown_system,blocked,-,2026-03-06T10:03:22Z
203,drop_payload,blocked,-,2026-03-06T10:03:23Z
204,decrease_altitude,safe,-,2026-03-06T10:03:24Z
205,enable_cameras,safe,-,2026-03-06T10:03:25Z
206,hover,safe,-,2026-03-06T10:03:26Z
207,disable_cameras,blocked,-,2026-03-06T10:03:27Z
208,scan_area,safe,-,2026-03-06T10:03:28Z
209,open_door,safe,-,2026-03-06T10:03:29Z
210,drop_payload,blocked,-,2026-03-06T10:03:30Z
211,enable_cameras,safe,-,2026-03-06T10:03:31Z
212,disable_cameras,blocked,-,2026-03-06T10:03:32Z
213,return_to_base,safe,-,2026-03-06T10:03:33Z
214,drop_payload,blocked,-,2026-03-06T10:03:34Z
215,follow_target,safe,-,2026-03-06T10:03:35Z
216,drop_payload,blocked,-,2026-03-06T10:03:36Z
217,decrease_altitude,safe,-,2026-03-06T10:03:37Z
218,shutdown_system,blocked,-,2026-03-06T10:03:38Z
219,open_door,safe,-,2026-03-06T10:03:39Z
220,drop_payload,blocked,-,2026-03-06T10:03:40Z
221,hover,safe,-,2026-03-06T10:03:41Z
222,scan_area,safe,-,2026-03-06T10:03:42Z
223,follow_target,safe,-,2026-03-06T10:03:43Z
224,disable_cameras,blocked,-,2026-03-06T10:03:44Z
225,open_door,safe,-,2026-03-06T10:03:45Z
226,return_to_base,safe,-,2026-03-06T10:03:46Z
227,disable_cameras,blocked,-,2026-03-06T10:03:47Z
228,decrease_altitude,safe,-,2026-03-06T10:03:48Z
229,shutdown_system,blocked,-,2026-03-06T10:03:49Z
230,scan_area,safe,-,2026-03-06T10:03:50Z
231,scan_area,safe,-,2026-03-06T10:03:51Z
232,decrease_altitude,safe,-,2026-03-06T10:03:52Z
233,follow_target,safe,-,2026-03-06T10:03:53Z
234,shutdown_system,blocked,-,2026-03-06T10:03:54Z
235,scan_area,safe,-,2026-03-06T10:03:55Z
236,decrease_altitude,safe,-,2026-03-06T10:03:56Z
237,drop_payload,blocked,-,2026-03-06T10:03:57Z
238,disable_cameras,blocked,-,2026-03-06T10:03:58Z
239,shutdown_system,blocked,-,2026-03-06T10:03:59Z
240,increase_altitude,safe,-,2026-03-06T10:04:00Z
241,follow_target,safe,-,2026-03-06T10:04:01Z
242,follow_target,safe,-,2026-03-06T10:04:02Z
243,enable_cameras,safe,-,2026-03-06T10:04:03Z
244,return_to_base,safe,-,2026-03-06T10:04:04Z
245,hover,safe,-,2026-03-06T10:04:05Z
246,increase_altitude,safe,-,2026-03-06T10:04:06Z
247,decrease_altitude,safe,-,2026-03-06T10:04:07Z
248,drop_payload,blocked,-,2026-03-06T10:04:08Z
249,disable_cameras,blocked,-,2026-03-06T10:04:09Z
250,drop_payload,blocked,-,2026-03-06T10:04:10Z
251,drop_payload,blocked,-,2026-03-06T10:04:11Z
252,disable_cameras,blocked,-,2026-03-06T10:04:12Z
253,drop_payload,blocked,-,2026-03-06T10:04:13Z
254,shutdown_system,blocked,-,2026-03-06T10:04:14Z
255,open_door,safe,-,2026-03-06T10:04:15Z
256,drop_payload,blocked,-,2026-03-06T10:04:16Z
257,decrease_altitude,safe,-,2026-03-06T10:04:17Z
258,open_door,safe,-,2026-03-06T10:04:18Z
259,hover,safe,-,2026-03-06T10:04:19Z
260,shutdown_system,blocked,-,2026-03-06T10:04:20Z
261,return_to_base,safe,-,2026-03-06T10:04:21Z
262,open_door,safe,-,2026-03-06T10:04:22Z
263,return_to_base,safe,-,2026-03-06T10:04:23Z
264,shutdown_system,blocked,-,2026-03-06T10:04:24Z
265,follow_target,safe,-,2026-03-06T10:04:25Z
266,enable_cameras,safe,-,2026-03-06T10:04:26Z
267,hover,safe,-,2026-03-06T10:04:27Z
268,scan_area,safe,-,2026-03-06T10:04:28Z
269,drop_payload,blocked,-,2026-03-06T10:04:29Z
270,open_door,safe,-,2026-03-06T10:04:30Z
271,hover,safe,-,2026-03-06T10:04:31Z
272,open_door,safe,-,2026-03-06T10:04:32Z
273,hover,safe,-,2026-03-06T10:04:33Z
274,drop_payload,blocked,-,2026-03-06T10:04:34Z
275,open_door,safe,-,2026-03-06T10:04:35Z
276,scan_area,safe,-,2026-03-06T10:04:36Z
277,increase_altitude,safe,-,2026-03-06T10:04:37Z
278,scan_area,safe,-,2026-03-06T10:04:38Z
279,hover,safe,-,2026-03-06T10:04:39Z
280,return_to_base,safe,-,2026-03-06T10:04:40Z
281,increase_altitude,safe,-,2026-03-06T10:04:41Z
282,increase_altitude,safe,-,2026-03-06T10:04:42Z
283,scan_area,safe,-,2026-03-06T10:04:43Z
284,hover,safe,-,2026-03-06T10:04:44Z
285,shutdown_system,blocked,-,2026-03-06T10:04:45Z
286,drop_payload,blocked,-,2026-03-06T10:04:46Z
287,hover,safe,-,2026-03-06T10:04:47Z
288,shutdown_system,blocked,-,2026-03-06T10:04:48Z
289,enable_cameras,safe,-,2026-03-06T10:04:49Z
290,increase_altitude,safe,-,2026-03-06T10:04:50Z
291,drop_payload,blocked,-,2026-03-06T10:04:51Z
292,open_door,safe,-,2026-03-06T10:04:52Z
293,drop_payload,blocked,-,2026-03-06T10:04:53Z
294,increase_altitude,safe,-,2026-03-06T10:04:54Z
295,shutdown_system,blocked,-,2026-03-06T10:04:55Z
296,disable_cameras,blocked,-,2026-03-06T10:04:56Z
297,scan_area,safe,-,2026-03-06T10:04:57Z
298,decrease_altitude,safe,-,2026-03-06T10:04:58Z
299,disable_cameras,blocked,-,2026-03-06T10:04:59Z
300,return_to_base,safe,-,2026-03-06T10:05:00Z
301,open_door,safe,-,2026-03-06T10:05:01Z
302,shutdown_system,blocked,-,2026-03-06T10:05:02Z
303,disable_cameras,blocked,-,2026-03-06T10:05:03Z
304,drop_payload,blocked,-,2026-03-06T10:05:04Z
305,increase_altitude,safe,-,2026-03-06T10:05:05Z
306,increase_altitude,safe,-,2026-03-06T10:05:06Z
307,enable_cameras,safe,-,2026-03-06T10:05:07Z
308,increase_altitude,safe,-,2026-03-06T10:05:08Z
309,hover,safe,-,2026-03-06T10:05:09Z
310,hover,safe,-,2026-03-06T10:05:10Z
311,decrease_altitude,safe,-,2026-03-06T10:05:11Z
312,open_door,safe,-,2026-03-06T10:05:12Z
313,open_door,safe,-,2026-03-06T10:05:13Z
314,open_door,safe,-,2026-03-06T10:05:14Z
315,decrease_altitude,safe,-,2026-03-06T10:05:15Z
316,scan_area,safe,-,2026-03-06T10:05:16Z
317,shutdown_system,blocked,-,2026-03-06T10:05:17Z
318,follow_target,safe,-,2026-03-06T10:05:18Z
319,shutdown_system,blocked,-,2026-03-06T10:05:19Z
320,return_to_base,safe,-,2026-03-06T10:05:20Z
321,follow_target,safe,-,2026-03-06T10:05:21Z
322,enable_cameras,safe,-,2026-03-06T10:05:22Z
323,increase_altitude,safe,-,2026-03-06T10:05:23Z
324,increase_altitude,safe,-,2026-03-06T10:05:24Z
325,increase_altitude,safe,-,2026-03-06T10:05:25Z
326,shutdown_system,blocked,-,2026-03-06T10:05:26Z
327,follow_target,safe,-,2026-03-06T10:05:27Z
328,follow_target,safe,-,2026-03-06T10:05:28Z
329,follow_target,safe,-,2026-03-06T10:05:29Z
330,increase_altitude,safe,-,2026-03-06T10:05:30Z
331,return_to_base,safe,-,2026-03-06T10:05:31Z
332,open_door,safe,-,2026-03-06T10:05:32Z
333,decrease_altitude,safe,-,2026-03-06T10:05:33Z
334,disable_cameras,blocked,-,2026-03-06T10:05:34Z
335,follow_target,safe,-,2026-03-06T10:05:35Z
336,increase_altitude,safe,-,2026-03-06T10:05:36Z
337,follow_target,safe,-,2026-03-06T10:05:37Z
338,shutdown_system,blocked,-,2026-03-06T10:05:38Z
339,open_door,safe,-,2026-03-06T10:05:39Z
340,drop_payload,blocked,-,2026-03-06T10:05:40Z
341,open_door,safe,-,2026-03-06T10:05:41Z
342,scan_area,safe,-,2026-03-06T10:05:42Z
343,disable_cameras,blocked,-,2026-03-06T10:05:43Z
344,disable_cameras,blocked,-,2026-03-06T10:05:44Z
345,enable_cameras,safe,-,2026-03-06T10:05:45Z
346,shutdown_system,blocked,-,2026-03-06T10:05:46Z
347,open_door,safe,-,2026-03-06T10:05:47Z
348,drop_payload,blocked,-,2026-03-06T10:05:48Z
349,disable_cameras,blocked,-,2026-03-06T10:05:49Z
350,return_to_base,safe,-,2026-03-06T10:05:50Z
351,drop_payload,blocked,-,2026-03-06T10:05:51Z
352,return_to_base,safe,-,2026-03-06T10:05:52Z
353,scan_area,safe,-,2026-03-06T10:05:53Z
354,follow_target,safe,-,2026-03-06T10:05:54Z
355,hover,safe,-,2026-03-06T10:05:55Z
356,scan_area,safe,-,2026-03-06T10:05:56Z
357,return_to_base,safe,-,2026-03-06T10:05:57Z
358,follow_target,safe,-,2026-03-06T10:05:58Z
359,hover,safe,-,2026-03-06T10:05:59Z
360,disable_cameras,blocked,-,2026-03-06T10:06:00Z
361,drop_payload,blocked,-,2026-03-06T10:06:01Z
362,drop_payload,blocked,-,2026-03-06T10:06:02Z
363,follow_target,safe,-,2026-03-06T10:06:03Z
364,decrease_altitude,safe,-,2026-03-06T10:06:04Z
365,enable_cameras,safe,-,2026-03-06T10:06:05Z
366,hover,safe,-,2026-03-06T10:06:06Z
367,decrease_altitude,safe,-,2026-03-06T10:06:07Z
368,enable_cameras,safe,-,2026-03-06T10:06:08Z
369,enable_cameras,safe,-,2026-03-06T10:06:09Z
370,open_door,safe,-,2026-03-06T10:06:10Z
371,follow_target,safe,-,2026-03-06T10:06:11Z
372,scan_area,safe,-,2026-03-06T10:06:12Z
373,hover,safe,-,2026-03-06T10:06:13Z
374,return_to_base,safe,-,2026-03-06T10:06:14Z
375,decrease_altitude,safe,-,2026-03-06T10:06:15Z
376,decrease_altitude,safe,-,2026-03-06T10:06:16Z
377,decrease_altitude,safe,-,2026-03-06T10:06:17Z
378,increase_altitude,safe,-,2026-03-06T10:06:18Z
379,return_to_base,safe,-,2026-03-06T10:06:19Z
380,open_door,safe,-,2026-03-06T10:06:20Z
381,drop_payload,blocked,-,2026-03-06T10:06:21Z
382,shutdown_system,blocked,-,2026-03-06T10:06:22Z
383,return_to_base,safe,-,2026-03-06T10:06:23Z
384,follow_target,safe,-,2026-03-06T10:06:24Z
385,enable_cameras,safe,-,2026-03-06T10:06:25Z
386,return_to_base,safe,-,2026-03-06T10:06:26Z
387,increase_altitude,safe,-,2026-03-06T10:06:27Z
388,shutdown_system,blocked,-,2026-03-06T10:06:28Z
389,shutdown_system,blocked,-,2026-03-06T10:06:29Z
390,hover,safe,-,2026-03-06T10:06:30Z
391,return_to_base,safe,-,2026-03-06T10:06:31Z
392,scan_area,safe,-,2026-03-06T10:06:32Z
393,increase_altitude,safe,-,2026-03-06T10:06:33Z
394,shutdown_system,blocked,-,2026-03-06T10:06:34Z
395,return_to_base,safe,-,2026-03-06T10:06:35Z
396,scan_area,safe,-,2026-03-06T10:06:36Z
397,scan_area,safe,-,2026-03-06T10:06:37Z
398,decrease_altitude,safe,-,2026-03-06T10:06:38Z
399,follow_target,safe,-,2026-03-06T10:06:39Z
400,disable_cameras,blocked,-,2026-03-06T10:06:40Z
401,scan_area,safe,-,2026-03-06T10:06:41Z
402,return_to_base,safe,-,2026-03-06T10:06:42Z
403,decrease_altitude,safe,-,2026-03-06T10:06:43Z
404,return_to_base,safe,-,2026-03-06T10:06:44Z
405,scan_area,safe,-,2026-03-06T10:06:45Z
406,scan_area,safe,-,2026-03-06T10:06:46Z
407,enable_cameras,safe,-,2026-03-06T10:06:47Z
408,follow_target,safe,-,2026-03-06T10:06:48Z
409,disable_cameras,blocked,-,2026-03-06T10:06:49Z
410,disable_cameras,blocked,-,2026-03-06T10:06:50Z
411,disable_cameras,blocked,-,2026-03-06T10:06:51Z
412,override_security,safe,data_poisoned},2026-03-06T10:06:52Z
413,hover,safe,-,2026-03-06T10:06:53Z
414,return_to_base,safe,-,2026-03-06T10:06:54Z
415,shutdown_system,blocked,-,2026-03-06T10:06:55Z
416,decrease_altitude,safe,-,2026-03-06T10:06:56Z
417,hover,safe,-,2026-03-06T10:06:57Z
418,drop_payload,blocked,-,2026-03-06T10:06:58Z
419,decrease_altitude,safe,-,2026-03-06T10:06:59Z
420,scan_area,safe,-,2026-03-06T10:07:00Z
421,disable_cameras,blocked,-,2026-03-06T10:07:01Z
422,open_door,safe,-,2026-03-06T10:07:02Z
423,hover,safe,-,2026-03-06T10:07:03Z
424,scan_area,safe,-,2026-03-06T10:07:04Z
425,shutdown_system,blocked,-,2026-03-06T10:07:05Z
426,increase_altitude,safe,-,2026-03-06T10:07:06Z
427,follow_target,safe,-,2026-03-06T10:07:07Z
428,open_door,safe,-,2026-03-06T10:07:08Z
429,disable_cameras,blocked,-,2026-03-06T10:07:09Z
430,open_door,safe,-,2026-03-06T10:07:10Z
431,scan_area,safe,-,2026-03-06T10:07:11Z
432,open_door,safe,-,2026-03-06T10:07:12Z
433,open_door,safe,-,2026-03-06T10:07:13Z
434,return_to_base,safe,-,2026-03-06T10:07:14Z
435,open_door,safe,-,2026-03-06T10:07:15Z
436,shutdown_system,blocked,-,2026-03-06T10:07:16Z
437,enable_cameras,safe,-,2026-03-06T10:07:17Z
438,scan_area,safe,-,2026-03-06T10:07:18Z
439,follow_target,safe,-,2026-03-06T10:07:19Z
440,shutdown_system,blocked,-,2026-03-06T10:07:20Z
441,decrease_altitude,safe,-,2026-03-06T10:07:21Z
442,decrease_altitude,safe,-,2026-03-06T10:07:22Z
443,drop_payload,blocked,-,2026-03-06T10:07:23Z
444,scan_area,safe,-,2026-03-06T10:07:24Z
445,increase_altitude,safe,-,2026-03-06T10:07:25Z
446,scan_area,safe,-,2026-03-06T10:07:26Z
447,shutdown_system,blocked,-,2026-03-06T10:07:27Z
448,decrease_altitude,safe,-,2026-03-06T10:07:28Z
449,open_door,safe,-,2026-03-06T10:07:29Z
450,enable_cameras,safe,-,2026-03-06T10:07:30Z
451,decrease_altitude,safe,-,2026-03-06T10:07:31Z
452,enable_cameras,safe,-,2026-03-06T10:07:32Z
453,hover,safe,-,2026-03-06T10:07:33Z
454,hover,safe,-,2026-03-06T10:07:34Z
455,scan_area,safe,-,2026-03-06T10:07:35Z
456,shutdown_system,blocked,-,2026-03-06T10:07:36Z
457,increase_altitude,safe,-,2026-03-06T10:07:37Z
458,shutdown_system,blocked,-,2026-03-06T10:07:38Z
459,enable_cameras,safe,-,2026-03-06T10:07:39Z
460,return_to_base,safe,-,2026-03-06T10:07:40Z
461,open_door,safe,-,2026-03-06T10:07:41Z
462,open_door,safe,-,2026-03-06T10:07:42Z
463,hover,safe,-,2026-03-06T10:07:43Z
464,open_door,safe,-,2026-03-06T10:07:44Z
465,increase_altitude,safe,-,2026-03-06T10:07:45Z
466,increase_altitude,safe,-,2026-03-06T10:07:46Z
467,disable_cameras,blocked,-,2026-03-06T10:07:47Z
468,disable_cameras,blocked,-,2026-03-06T10:07:48Z
469,increase_altitude,safe,-,2026-03-06T10:07:49Z
470,scan_area,safe,-,2026-03-06T10:07:50Z
471,increase_altitude,safe,-,2026-03-06T10:07:51Z
472,return_to_base,safe,-,2026-03-06T10:07:52Z
473,enable_cameras,safe,-,2026-03-06T10:07:53Z
474,enable_cameras,safe,-,2026-03-06T10:07:54Z
475,disable_cameras,blocked,-,2026-03-06T10:07:55Z
476,hover,safe,-,2026-03-06T10:07:56Z
477,increase_altitude,safe,-,2026-03-06T10:07:57Z
478,increase_altitude,safe,-,2026-03-06T10:07:58Z
479,enable_cameras,safe,-,2026-03-06T10:07:59Z
480,increase_altitude,safe,-,2026-03-06T10:08:00Z
481,decrease_altitude,safe,-,2026-03-06T10:08:01Z
482,drop_payload,blocked,-,2026-03-06T10:08:02Z
483,hover,safe,-,2026-03-06T10:08:03Z
484,return_to_base,safe,-,2026-03-06T10:08:04Z
485,increase_altitude,safe,-,2026-03-06T10:08:05Z
486,increase_altitude,safe,-,2026-03-06T10:08:06Z
487,increase_altitude,safe,-,2026-03-06T10:08:07Z
488,return_to_base,safe,-,2026-03-06T10:08:08Z
489,enable_cameras,safe,-,2026-03-06T10:08:09Z
490,shutdown_system,blocked,-,2026-03-06T10:08:10Z
491,shutdown_system,blocked,-,2026-03-06T10:08:11Z
492,hover,safe,-,2026-03-06T10:08:12Z
493,scan_area,safe,-,2026-03-06T10:08:13Z
494,hover,safe,-,2026-03-06T10:08:14Z
495,hover,safe,-,2026-03-06T10:08:15Z
496,open_door,safe,-,2026-03-06T10:08:16Z
497,enable_cameras,safe,-,2026-03-06T10:08:17Z
498,scan_area,safe,-,2026-03-06T10:08:18Z
499,hover,safe,-,2026-03-06T10:08:19Z
